ingreso,edad,educacion,mujer,sexo
2805.602184,24,11,0,Hombre
5069.100678,52,21,1,Mujer
4888.794255,28,21,1,Mujer
3333.830833,31,12,1,Mujer
5267.507514,52,17,1,Mujer
4768.00703,58,18,1,Mujer
4216.47894,49,13,1,Mujer
5126.610731,52,17,0,Hombre
3161.073517,53,6,1,Mujer
5374.916673,50,18,0,Hombre
4208.532089,36,17,0,Hombre
4286.242108,55,8,0,Hombre
3858.248383,38,15,0,Hombre
3149.536055,62,6,1,Mujer
4441.670675,61,12,0,Hombre
5318.801822,27,21,0,Hombre
2977.511247,40,12,1,Mujer
5264.077197,34,21,0,Hombre
4987.473749,37,22,1,Mujer
3196.570484,35,10,0,Hombre
1682.152685,27,7,1,Mujer
2005.030654,42,7,1,Mujer
2401.448223,33,9,1,Mujer
5596.170538,46,18,1,Mujer
3705.640977,42,11,0,Hombre
4883.742207,58,16,1,Mujer
5750.716732,58,22,1,Mujer
5610.514589,52,22,0,Hombre
3912.220213,38,20,1,Mujer
3391.767792,35,16,1,Mujer
4874.355023,58,13,0,Hombre
5656.005042,48,20,1,Mujer
3287.684398,27,9,1,Mujer
5909.760222,64,14,0,Hombre
4145.00519,61,10,1,Mujer
5245.945866,55,21,0,Hombre
3833.622721,22,15,1,Mujer
3957.911482,52,12,1,Mujer
4888.063574,22,22,0,Hombre
5969.055571,49,21,0,Hombre
5407.850255,36,20,1,Mujer
5725.141627,60,20,0,Hombre
5968.598509,60,18,1,Mujer
2505.122504,22,6,0,Hombre
2820.705203,50,7,0,Hombre
4857.627392,41,16,0,Hombre
3555.210723,24,12,1,Mujer
5644.066498,49,21,0,Hombre
5138.046962,56,19,1,Mujer
3456.337818,44,12,0,Hombre
2556.997212,49,10,1,Mujer
5101.314943,37,19,1,Mujer
4337.685723,60,10,0,Hombre
3502.734192,49,9,1,Mujer
3609.44934,38,10,0,Hombre
6237.227633,41,20,0,Hombre
5024.704735,60,18,1,Mujer
4046.948795,31,14,1,Mujer
2631.978726,35,8,1,Mujer
4030.622168,24,12,0,Hombre
3676.369499,58,14,1,Mujer
3330.101212,46,6,1,Mujer
3489.935356,45,8,1,Mujer
7098.490059,65,20,0,Hombre
4504.282676,33,22,1,Mujer
4040.926508,29,21,0,Hombre
3360.880057,42,11,1,Mujer
3010.401445,41,11,1,Mujer
6082.246746,62,22,1,Mujer
5675.666143,43,22,1,Mujer
4959.184231,51,17,1,Mujer
6235.567114,57,19,1,Mujer
5815.629996,41,22,0,Hombre
3938.294543,27,12,1,Mujer
3160.584837,47,12,1,Mujer
4259.609945,47,17,1,Mujer
1873.106556,27,6,1,Mujer
4748.696657,26,21,0,Hombre
4347.484026,34,17,1,Mujer
3767.132753,40,15,0,Hombre
4471.548642,27,17,1,Mujer
2591.486765,42,7,1,Mujer
3944.489161,47,11,0,Hombre
3879.307183,49,10,1,Mujer
4240.353923,48,17,1,Mujer
4852.34418,38,21,1,Mujer
2996.004023,26,11,1,Mujer
3936.120537,36,7,0,Hombre
4458.716968,35,13,1,Mujer
4134.143889,39,16,1,Mujer
3335.166289,61,6,1,Mujer
4828.958918,32,22,1,Mujer
5251.232969,48,22,0,Hombre
5033.870657,37,22,1,Mujer
3880.570673,64,10,0,Hombre
4200.302766,42,10,0,Hombre
4026.941378,55,16,0,Hombre
5321.983055,61,15,1,Mujer
3846.907674,59,15,0,Hombre
3227.103622,51,7,0,Hombre
5035.383785,34,17,0,Hombre
3631.988491,40,11,1,Mujer
3158.760132,24,9,0,Hombre
3483.128981,56,6,0,Hombre
2335.545303,28,10,0,Hombre
5383.988353,50,20,0,Hombre
3872.681296,27,13,1,Mujer
3961.319608,30,14,1,Mujer
3055.870324,65,9,1,Mujer
2953.44389,27,11,0,Hombre
2194.090289,32,7,1,Mujer
3243.784666,42,12,1,Mujer
4213.89842,30,12,0,Hombre
6235.452991,65,20,1,Mujer
4415.402738,32,22,1,Mujer
4369.279043,26,15,0,Hombre
3020.894979,38,8,1,Mujer
5051.274779,54,18,0,Hombre
5171.511486,49,15,0,Hombre
5449.377765,58,13,0,Hombre
4333.473971,28,17,0,Hombre
4344.50523,30,17,1,Mujer
3807.657827,63,7,1,Mujer
4595.309282,24,11,0,Hombre
3139.39262,30,9,0,Hombre
4461.981607,55,10,0,Hombre
4386.313989,22,15,0,Hombre
4923.085219,31,21,0,Hombre
2949.89968,40,8,1,Mujer
4836.93004,28,21,1,Mujer
3945.095678,37,16,1,Mujer
5838.296835,27,18,0,Hombre
5307.604998,31,20,0,Hombre
4892.58804,48,19,1,Mujer
3223.055039,36,7,0,Hombre
4280.580991,61,9,0,Hombre
3049.815852,40,8,0,Hombre
5041.112861,37,16,0,Hombre
2083.412078,40,8,1,Mujer
3352.414157,38,10,1,Mujer
5270.331173,51,19,0,Hombre
3535.286033,36,17,0,Hombre
3456.667403,38,16,1,Mujer
4452.470144,50,18,1,Mujer
3588.797445,32,13,1,Mujer
2372.547622,24,8,1,Mujer
4584.664413,60,15,1,Mujer
3289.82017,52,8,0,Hombre
3634.694467,51,7,1,Mujer
3927.360923,30,14,0,Hombre
2747.854225,30,8,0,Hombre
3632.649464,38,11,0,Hombre
3750.204984,48,6,1,Mujer
4696.461841,63,13,1,Mujer
4096.072561,58,12,1,Mujer
6234.331439,51,17,1,Mujer
4222.465655,33,19,0,Hombre
3829.596867,41,14,0,Hombre
3694.554832,37,16,1,Mujer
4427.187643,63,12,1,Mujer
3453.951974,65,9,0,Hombre
2934.439085,40,8,1,Mujer
3550.328897,48,10,1,Mujer
4000.912668,24,13,0,Hombre
3772.929234,25,13,1,Mujer
3850.765335,48,11,0,Hombre
4248.712307,63,11,1,Mujer
1688.434482,39,7,1,Mujer
4399.162879,39,14,0,Hombre
3466.830235,30,12,1,Mujer
4522.560867,48,17,0,Hombre
4288.125906,60,10,1,Mujer
5312.033273,36,22,0,Hombre
4418.704926,28,16,1,Mujer
5039.436068,63,15,0,Hombre
3689.827752,43,19,1,Mujer
4895.611505,65,17,1,Mujer
4950.758796,64,16,1,Mujer
2215.560869,31,7,0,Hombre
5347.543653,53,18,0,Hombre
5537.800662,58,21,1,Mujer
6008.517356,43,22,1,Mujer
5050.177391,38,22,1,Mujer
5122.408049,64,12,0,Hombre
4256.385373,38,12,1,Mujer
4464.493341,47,13,0,Hombre
5998.771938,41,18,0,Hombre
3913.129587,44,12,1,Mujer
4396.560188,32,15,0,Hombre
3205.344509,62,7,1,Mujer
4483.013689,23,21,1,Mujer
3617.904536,47,14,0,Hombre
2803.463031,27,9,1,Mujer
3801.909412,26,16,0,Hombre
4406.685488,31,20,1,Mujer
3752.125675,46,14,1,Mujer
5654.703243,26,22,1,Mujer
3968.219651,62,7,1,Mujer
2250.156913,27,7,0,Hombre
2196.510899,26,9,1,Mujer
4389.429641,47,17,1,Mujer
3702.91886,45,10,1,Mujer
2991.049195,37,8,1,Mujer
5175.10206,40,19,1,Mujer
5210.764696,31,13,0,Hombre
4662.154426,39,12,1,Mujer
6268.713676,57,19,0,Hombre
2954.271978,24,14,0,Hombre
4651.981175,47,17,1,Mujer
2557.943333,26,7,1,Mujer
2385.208967,26,10,1,Mujer
3386.988272,52,10,1,Mujer
3927.814213,25,19,1,Mujer
3413.107391,25,13,0,Hombre
5275.920368,41,14,0,Hombre
4882.569054,57,8,0,Hombre
2704.986805,49,6,1,Mujer
5787.169317,50,21,1,Mujer
4730.348109,64,16,0,Hombre
5385.678694,54,18,1,Mujer
2463.695365,31,7,1,Mujer
3982.868029,62,7,0,Hombre
5027.709998,60,17,0,Hombre
4834.509506,29,22,1,Mujer
4396.99116,42,15,0,Hombre
3284.82821,26,11,1,Mujer
3742.888329,31,11,0,Hombre
4104.964811,36,13,0,Hombre
4898.711075,34,16,0,Hombre
3914.183626,47,12,0,Hombre
5417.488623,59,17,0,Hombre
2180.71984,23,11,1,Mujer
5289.851925,35,20,1,Mujer
4732.39135,62,18,1,Mujer
4134.154414,42,8,0,Hombre
3920.422737,56,10,1,Mujer
5206.892831,64,10,0,Hombre
2913.289817,50,8,1,Mujer
6001.367558,41,21,0,Hombre
6126.417313,49,22,0,Hombre
2728.666306,32,9,1,Mujer
3766.249637,38,11,1,Mujer
5622.014538,63,14,1,Mujer
3181.658599,58,11,1,Mujer
3040.107681,48,11,0,Hombre
3987.479565,25,16,1,Mujer
4604.839993,36,21,1,Mujer
4989.85592,42,22,1,Mujer
3340.374655,36,10,1,Mujer
2338.319421,28,7,0,Hombre
6003.043744,51,21,0,Hombre
2420.641244,24,6,0,Hombre
3286.90542,50,7,0,Hombre
4232.221569,32,14,0,Hombre
4992.949215,27,18,0,Hombre
4173.375649,38,14,1,Mujer
3730.15354,47,13,1,Mujer
4459.150106,50,10,0,Hombre
3948.668064,62,14,1,Mujer
4021.985541,45,12,0,Hombre
3870.013421,62,11,1,Mujer
5164.511513,62,15,1,Mujer
4398.945825,60,12,0,Hombre
3420.373578,28,15,0,Hombre
5431.30136,28,21,0,Hombre
5019.202966,34,18,0,Hombre
3829.459327,36,15,1,Mujer
3322.333241,40,6,1,Mujer
5504.604599,46,18,1,Mujer
1953.494712,54,7,1,Mujer
4795.253497,60,13,0,Hombre
3514.665855,54,11,1,Mujer
4845.063939,29,22,0,Hombre
4245.605026,57,12,1,Mujer
2950.875363,60,9,0,Hombre
3505.552778,38,12,0,Hombre
5920.230571,58,21,1,Mujer
4393.937253,43,19,1,Mujer
2241.299089,35,7,1,Mujer
4177.742601,38,14,0,Hombre
4652.371921,59,19,1,Mujer
3797.909824,57,9,1,Mujer
3508.156297,34,10,1,Mujer
3163.213077,61,9,1,Mujer
3713.606776,23,13,0,Hombre
4096.579236,24,18,1,Mujer
4029.612278,23,12,0,Hombre
4191.460593,33,8,0,Hombre
6003.059697,33,21,0,Hombre
5127.614184,52,14,1,Mujer
5737.532378,62,20,1,Mujer
5723.555397,49,21,0,Hombre
5127.868622,48,14,1,Mujer
4700.752934,31,18,1,Mujer
4641.459895,41,20,0,Hombre
4249.46693,42,15,0,Hombre
4787.188358,56,8,0,Hombre
5643.481183,32,22,0,Hombre
3842.129186,27,13,0,Hombre
3625.022008,33,19,1,Mujer
5627.650357,37,22,1,Mujer
4802.628929,33,16,1,Mujer
3341.5176,64,8,1,Mujer
3847.243689,29,16,0,Hombre
4177.970236,52,11,0,Hombre
4883.662488,55,19,1,Mujer
2944.507026,31,7,1,Mujer
5408.271651,62,18,1,Mujer
2820.524308,44,6,1,Mujer
3748.883098,30,12,1,Mujer
2704.106223,52,11,1,Mujer
3731.366614,35,11,0,Hombre
5241.891062,45,20,0,Hombre
3672.8819,63,8,0,Hombre
5750.421087,46,21,1,Mujer
3961.287137,42,14,1,Mujer
3991.753049,50,13,0,Hombre
3876.366573,44,14,0,Hombre
1602.628172,23,6,1,Mujer
3405.926148,29,17,1,Mujer
4358.919657,65,13,1,Mujer
5109.808512,54,12,0,Hombre
3981.511117,51,9,0,Hombre
4551.147561,62,12,0,Hombre
4881.495039,41,18,1,Mujer
4971.800628,60,17,0,Hombre
2634.448777,31,9,0,Hombre
2791.276913,49,7,1,Mujer
2049.865947,23,6,0,Hombre
2369.353273,37,6,0,Hombre
5410.73857,34,22,1,Mujer
2742.187797,48,6,1,Mujer
5269.277851,61,17,1,Mujer
3145.261702,29,6,0,Hombre
4321.340417,53,14,0,Hombre
3580.134841,32,9,1,Mujer
4329.775308,26,20,0,Hombre
3001.853651,31,9,0,Hombre
2104.985338,54,7,1,Mujer
2894.330578,60,9,0,Hombre
3831.384678,34,13,0,Hombre
3860.153702,29,12,1,Mujer
4916.829433,64,15,0,Hombre
4936.922432,29,17,1,Mujer
3774.650272,57,8,1,Mujer
5260.878725,52,18,0,Hombre
3233.159303,40,10,1,Mujer
3610.425068,36,12,0,Hombre
4741.359012,64,15,0,Hombre
5123.582756,23,18,0,Hombre
4587.606744,30,18,0,Hombre
3608.908614,61,10,0,Hombre
4293.091449,42,15,0,Hombre
3511.924009,25,12,1,Mujer
6033.432456,63,17,0,Hombre
6218.448127,62,19,0,Hombre
2482.94449,60,6,1,Mujer
3486.888935,33,15,1,Mujer
5015.878699,60,15,1,Mujer
4415.812533,64,16,1,Mujer
5638.407212,51,21,1,Mujer
3462.000089,43,10,0,Hombre
4167.300926,53,16,0,Hombre
5486.50375,64,21,0,Hombre
4747.606441,54,18,1,Mujer
3499.989963,35,7,0,Hombre
4356.956234,65,12,1,Mujer
5548.624764,63,14,0,Hombre
3450.362261,59,11,1,Mujer
3527.078723,42,11,0,Hombre
4103.832759,33,12,1,Mujer
4740.171747,47,16,0,Hombre
2676.4886,26,10,0,Hombre
3191.688988,25,10,0,Hombre
4613.076262,60,12,0,Hombre
2400.342593,51,6,0,Hombre
3944.524752,49,7,1,Mujer
4677.814708,56,15,0,Hombre
3414.9787,62,6,1,Mujer
4404.512174,48,16,0,Hombre
5756.224323,46,19,0,Hombre
4556.665943,30,14,0,Hombre
4411.278605,30,21,1,Mujer
3353.689744,47,13,1,Mujer
3767.082486,49,10,0,Hombre
5012.915109,23,21,1,Mujer
4889.550694,37,20,0,Hombre
4856.314183,62,13,1,Mujer
5669.300156,35,20,0,Hombre
3404.631832,61,10,0,Hombre
5114.300841,33,18,1,Mujer
5362.244573,59,15,0,Hombre
3258.938853,45,7,1,Mujer
4202.29128,61,9,0,Hombre
3702.146796,24,22,1,Mujer
2707.202066,26,10,0,Hombre
4977.799573,55,17,1,Mujer
3313.556911,31,9,0,Hombre
3171.80301,63,6,1,Mujer
4997.11319,51,21,0,Hombre
6038.71231,61,22,0,Hombre
2743.502632,45,9,1,Mujer
3751.660076,27,15,1,Mujer
6058.721566,59,21,1,Mujer
5097.274873,34,22,1,Mujer
4766.138461,54,12,0,Hombre
5557.264153,46,22,0,Hombre
3991.332734,23,19,0,Hombre
5969.990954,49,21,0,Hombre
2803.169054,55,6,1,Mujer
3269.743311,44,8,1,Mujer
5717.365471,46,19,1,Mujer
3710.34046,40,8,0,Hombre
4048.823876,41,12,0,Hombre
3422.111094,39,11,1,Mujer
5530.706524,51,16,0,Hombre
4836.728128,51,17,1,Mujer
5372.28945,46,20,1,Mujer
2966.111415,24,7,1,Mujer
5828.649075,41,22,0,Hombre
4709.441553,47,14,1,Mujer
3211.463062,29,7,0,Hombre
4597.091494,63,14,0,Hombre
4684.382738,37,18,1,Mujer
2583.998267,23,7,0,Hombre
5884.665539,54,21,1,Mujer
4984.295001,48,18,0,Hombre
3663.599875,42,13,1,Mujer
3216.330868,49,10,1,Mujer
3004.792076,52,7,1,Mujer
2935.521604,33,6,1,Mujer
4999.208484,51,11,1,Mujer
5133.459121,34,18,0,Hombre
3247.646308,35,10,1,Mujer
5823.402121,61,21,1,Mujer
3466.655799,34,12,1,Mujer
4074.655029,44,14,0,Hombre
5731.567542,48,21,0,Hombre
1740.000552,24,7,1,Mujer
3379.912052,48,12,1,Mujer
4938.62493,65,16,0,Hombre
4825.02584,43,20,1,Mujer
4827.085963,38,19,1,Mujer
4283.026221,31,18,1,Mujer
4354.261831,31,16,1,Mujer
4220.173254,65,7,0,Hombre
3421.427635,31,10,1,Mujer
3936.29912,43,15,1,Mujer
3578.672461,29,14,1,Mujer
4403.247247,57,13,1,Mujer
2848.86006,23,7,0,Hombre
5481.634778,63,18,1,Mujer
5311.264343,54,17,0,Hombre
4882.983151,52,15,1,Mujer
4447.176139,22,21,0,Hombre
4048.225067,44,8,0,Hombre
5428.093957,45,20,0,Hombre
5564.760473,38,20,1,Mujer
4517.147689,28,17,1,Mujer
4042.399943,27,14,0,Hombre
5168.358447,63,16,0,Hombre
6672.349304,61,22,1,Mujer
4507.899435,37,13,1,Mujer
3548.649925,37,10,1,Mujer
3027.449029,38,9,1,Mujer
2841.878663,23,8,1,Mujer
4150.91663,52,12,0,Hombre
2382.809757,39,9,1,Mujer
3525.587129,36,14,1,Mujer
3969.215223,44,14,0,Hombre
4618.374323,64,12,0,Hombre
5909.387769,31,18,0,Hombre
4767.069722,44,16,1,Mujer
4285.431089,62,9,0,Hombre
3369.381777,56,10,1,Mujer
5797.827864,46,21,0,Hombre
3323.729385,29,13,1,Mujer
3016.334242,24,13,1,Mujer
4655.458212,58,13,1,Mujer
5306.825121,46,20,0,Hombre
2391.516013,24,7,1,Mujer
4000.78174,40,15,0,Hombre
5317.068948,36,21,0,Hombre
4940.799844,25,18,1,Mujer
3598.693702,61,11,1,Mujer
5076.422366,63,11,0,Hombre
4056.184355,38,10,0,Hombre
2503.580367,61,10,1,Mujer
2079.711066,23,8,1,Mujer
3956.551633,23,17,0,Hombre
2292.793897,39,9,1,Mujer
4304.203287,49,14,0,Hombre
3735.786784,34,16,1,Mujer
6598.836399,53,16,0,Hombre
4366.621885,25,17,1,Mujer
3213.972927,54,9,1,Mujer
4648.282275,49,14,1,Mujer
5190.396902,35,20,0,Hombre
4739.931094,59,11,1,Mujer
2412.770751,36,7,0,Hombre
3131.416038,28,12,0,Hombre
3020.109331,46,6,0,Hombre
5081.373226,47,17,1,Mujer
3810.44271,54,11,1,Mujer
4895.320338,45,19,0,Hombre
4596.275822,34,18,1,Mujer
2370.880327,49,6,1,Mujer
5205.509017,58,18,0,Hombre
3816.646319,53,7,0,Hombre
5393.661149,52,19,0,Hombre
4622.795519,25,17,0,Hombre
6451.89424,57,21,0,Hombre
2669.870352,31,6,0,Hombre
4403.794786,32,19,1,Mujer
3137.686923,45,7,1,Mujer
5002.122461,28,22,0,Hombre
4727.864217,38,17,0,Hombre
5690.928924,58,20,1,Mujer
5568.658704,38,19,0,Hombre
4252.451661,52,13,1,Mujer
4952.317835,56,17,1,Mujer
4937.417128,41,22,1,Mujer
5740.709454,39,19,1,Mujer
5603.914903,56,18,0,Hombre
3553.958553,42,11,1,Mujer
6035.067074,63,21,0,Hombre
3327.208807,26,11,1,Mujer
5272.335701,42,21,0,Hombre
4955.421806,47,21,1,Mujer
5740.850929,52,19,1,Mujer
3847.772815,32,12,0,Hombre
2931.946948,27,12,0,Hombre
5709.894452,35,20,1,Mujer
2797.997597,30,10,1,Mujer
3153.767797,44,10,1,Mujer
3005.033546,52,7,0,Hombre
3127.416041,60,7,0,Hombre
2130.561528,30,9,1,Mujer
4243.500643,43,16,0,Hombre
5098.370099,61,17,1,Mujer
5560.694521,41,20,0,Hombre
4082.052667,63,9,0,Hombre
4340.747029,23,20,1,Mujer
4502.614858,51,9,0,Hombre
3397.277957,49,8,0,Hombre
3728.187076,32,13,1,Mujer
5641.091303,52,17,0,Hombre
3235.285948,29,10,0,Hombre
2404.226155,35,6,0,Hombre
3510.784281,25,12,1,Mujer
2691.445924,23,8,1,Mujer
4416.222978,51,17,1,Mujer
4335.000058,62,12,0,Hombre
2811.433656,22,11,0,Hombre
3257.714806,57,6,0,Hombre
2503.161752,22,13,0,Hombre
2800.916549,65,8,1,Mujer
5262.813609,42,16,1,Mujer
3656.964593,53,6,0,Hombre
5600.023064,60,19,1,Mujer
4504.586543,61,11,0,Hombre
5447.364164,45,17,0,Hombre
4489.037179,29,16,0,Hombre
4881.014096,35,13,0,Hombre
3060.745811,31,12,1,Mujer
6296.410608,36,22,0,Hombre
5467.588908,46,21,0,Hombre
5845.679067,44,21,0,Hombre
5303.779899,62,20,0,Hombre
5000.065202,41,16,0,Hombre
3241.964043,26,14,1,Mujer
4408.84386,38,15,0,Hombre
3557.959708,56,8,1,Mujer
4898.32444,64,19,1,Mujer
3961.533634,58,12,1,Mujer
4410.497577,24,19,1,Mujer
2803.269047,25,6,0,Hombre
4703.705054,55,15,0,Hombre
5337.57965,47,17,0,Hombre
5858.657992,47,22,0,Hombre
3027.124012,51,9,1,Mujer
3568.862963,22,15,1,Mujer
4181.114825,29,18,1,Mujer
4292.941241,44,16,0,Hombre
4668.572365,58,15,1,Mujer
3478.434021,46,12,0,Hombre
4003.004375,61,13,1,Mujer
5110.75385,43,21,1,Mujer
3261.628383,23,12,1,Mujer
4060.714218,52,10,1,Mujer
4020.519072,52,8,0,Hombre
3751.877577,22,12,0,Hombre
4629.503067,58,14,1,Mujer
5496.238433,52,19,0,Hombre
5472.135289,48,17,0,Hombre
3279.206751,31,14,1,Mujer
6708.762683,54,22,0,Hombre
4450.973489,60,17,0,Hombre
5948.336514,44,19,1,Mujer
4150.762509,63,9,0,Hombre
4877.506213,39,19,1,Mujer
5078.554595,43,20,0,Hombre
5580.119133,24,21,0,Hombre
5074.168917,51,14,1,Mujer
4241.788436,65,9,1,Mujer
4384.427292,55,15,0,Hombre
5891.559825,63,21,1,Mujer
4682.395027,49,14,0,Hombre
6260.315334,64,19,0,Hombre
3675.833879,40,9,0,Hombre
4290.644522,65,14,1,Mujer
4846.333203,45,18,1,Mujer
3178.132678,45,12,1,Mujer
3270.684235,51,9,1,Mujer
4594.894866,36,16,0,Hombre
4594.07551,42,17,1,Mujer
2602.908832,46,9,1,Mujer
6254.711869,29,22,0,Hombre
4283.184064,62,7,0,Hombre
4492.27317,28,20,0,Hombre
3762.185617,39,13,1,Mujer
3333.059115,27,8,0,Hombre
4917.037644,62,14,1,Mujer
3922.33267,22,16,0,Hombre
6020.334254,52,20,0,Hombre
4475.294742,61,12,0,Hombre
3914.272778,43,13,1,Mujer
4979.731822,60,11,0,Hombre
3156.81826,32,8,0,Hombre
3251.655503,26,11,0,Hombre
5213.178539,58,19,1,Mujer
5679.28769,50,19,1,Mujer
3871.523725,30,19,1,Mujer
3875.700913,64,9,1,Mujer
4349.049227,36,12,1,Mujer
5416.617528,41,20,1,Mujer
4343.160051,48,12,0,Hombre
4903.26252,41,13,0,Hombre
2885.828816,25,9,0,Hombre
4191.070123,40,15,0,Hombre
4015.230903,22,10,0,Hombre
5617.0714,64,20,1,Mujer
4257.896771,39,17,1,Mujer
2732.464265,44,7,0,Hombre
3559.936497,58,9,0,Hombre
4386.605909,35,16,1,Mujer
5061.820978,27,20,1,Mujer
4238.553945,27,20,1,Mujer
3955.581359,22,17,1,Mujer
3213.220348,26,8,0,Hombre
6453.436238,56,21,0,Hombre
3411.88544,30,16,1,Mujer
4552.228749,64,11,1,Mujer
5485.891918,59,19,1,Mujer
4499.617901,57,17,0,Hombre
3847.859847,25,6,0,Hombre
4213.222356,51,13,1,Mujer
4132.909076,38,18,0,Hombre
6107.567261,50,18,0,Hombre
3255.262659,25,10,1,Mujer
2418.818842,60,10,1,Mujer
2115.900609,36,6,1,Mujer
2540.777545,22,10,1,Mujer
3155.61225,23,10,1,Mujer
4871.868334,54,10,0,Hombre
4706.101185,23,18,0,Hombre
3165.535611,24,12,0,Hombre
3170.357275,25,12,1,Mujer
2961.062168,51,6,1,Mujer
3034.576637,63,8,1,Mujer
5001.717654,64,17,1,Mujer
5842.884446,38,20,0,Hombre
4781.708429,55,14,1,Mujer
2798.162939,24,10,0,Hombre
3686.150728,50,9,0,Hombre
5273.251461,51,19,0,Hombre
3396.449596,52,6,0,Hombre
4801.237898,36,22,1,Mujer
4312.447435,44,15,0,Hombre
5826.8451,49,21,1,Mujer
2181.305371,30,6,1,Mujer
3924.387106,49,12,1,Mujer
3267.197037,37,12,0,Hombre
4746.413882,63,16,1,Mujer
3956.63669,36,9,0,Hombre
2053.122002,23,10,1,Mujer
3919.475606,47,12,1,Mujer
3495.389064,47,13,1,Mujer
4430.613993,63,12,0,Hombre
3616.551707,55,7,0,Hombre
2880.137709,23,6,0,Hombre
3324.860625,63,7,1,Mujer
3877.365708,53,9,0,Hombre
3974.483516,36,11,0,Hombre
4203.569198,22,13,0,Hombre
3947.787282,47,8,1,Mujer
5021.217409,33,21,1,Mujer
5844.566506,53,22,1,Mujer
3288.604243,46,12,1,Mujer
4190.369166,33,18,1,Mujer
4017.301398,38,13,0,Hombre
4735.089112,54,22,0,Hombre
2828.671106,29,11,1,Mujer
5389.285804,44,17,0,Hombre
2231.038453,25,6,1,Mujer
3597.645163,23,14,0,Hombre
4186.781974,34,13,1,Mujer
4647.490664,64,11,0,Hombre
6385.856043,55,19,0,Hombre
3355.406084,62,6,0,Hombre
4444.723544,52,13,0,Hombre
4806.958148,37,18,1,Mujer
4127.921296,44,11,1,Mujer
3444.212265,52,11,1,Mujer
4722.63472,62,10,0,Hombre
4224.872455,63,8,0,Hombre
3751.508887,43,18,1,Mujer
4350.297384,52,13,0,Hombre
2820.523286,42,11,1,Mujer
5573.765344,54,20,0,Hombre
3996.738947,41,10,0,Hombre
2977.926407,49,8,1,Mujer
5180.235692,32,17,0,Hombre
4886.360341,61,15,1,Mujer
3018.944765,36,14,1,Mujer
4303.177984,48,11,1,Mujer
5613.838535,55,21,1,Mujer
5086.524659,53,19,1,Mujer
5138.507317,59,17,1,Mujer
4618.063198,46,13,1,Mujer
5200.568502,39,19,1,Mujer
3939.748718,31,14,1,Mujer
4375.712992,46,13,0,Hombre
5177.520658,54,14,0,Hombre
3142.767275,26,9,0,Hombre
6427.756192,29,22,0,Hombre
4727.299656,65,12,0,Hombre
4642.145452,37,20,1,Mujer
2691.068122,31,7,1,Mujer
2718.479436,30,10,1,Mujer
3343.021187,22,11,0,Hombre
4785.173986,40,12,0,Hombre
4175.796552,39,18,1,Mujer
2766.185506,35,10,1,Mujer
3497.041703,41,10,1,Mujer
4676.415655,35,16,0,Hombre
5175.121882,27,21,0,Hombre
3720.654571,31,22,1,Mujer
5419.11252,37,14,0,Hombre
3164.526616,39,16,0,Hombre
2981.477862,28,9,0,Hombre
5265.712396,62,18,1,Mujer
3184.351618,32,11,1,Mujer
3675.562072,25,12,0,Hombre
5830.178509,60,22,1,Mujer
3297.472746,29,12,0,Hombre
2659.773181,36,8,1,Mujer
3690.34011,39,15,1,Mujer
5154.882414,47,22,1,Mujer
5966.458121,50,21,1,Mujer
3799.629702,22,15,0,Hombre
5261.805557,58,17,1,Mujer
3168.113527,28,7,0,Hombre
3940.73903,36,18,1,Mujer
3160.464476,54,10,1,Mujer
5626.317825,32,20,0,Hombre
4714.606162,64,14,1,Mujer
3897.801216,45,10,0,Hombre
5602.261782,44,22,0,Hombre
2899.076977,31,9,1,Mujer
3720.402223,35,14,1,Mujer
5060.848098,53,19,0,Hombre
5010.389684,49,17,0,Hombre
4921.66784,55,14,1,Mujer
4071.575416,42,13,1,Mujer
2564.134278,38,10,1,Mujer
5322.293612,50,15,0,Hombre
5663.149575,60,22,0,Hombre
5690.655359,34,22,0,Hombre
5188.581574,39,20,0,Hombre
4395.843791,28,13,0,Hombre
6495.895966,45,22,0,Hombre
5325.724742,33,20,0,Hombre
2425.513207,39,7,1,Mujer
5035.121859,48,18,1,Mujer
4637.43118,57,13,0,Hombre
4399.548267,45,18,1,Mujer
3747.798419,33,13,1,Mujer
3216.150444,64,10,1,Mujer
1845.746289,35,8,1,Mujer
5211.568252,34,19,1,Mujer
3344.956826,48,7,1,Mujer
6114.212228,45,19,0,Hombre
6059.74497,55,21,1,Mujer
2550.239755,24,6,0,Hombre
3179.941445,32,14,1,Mujer
5696.371648,49,22,1,Mujer
4508.673125,49,15,1,Mujer
3467.033853,40,13,0,Hombre
4741.818804,53,19,0,Hombre
4155.14682,27,12,0,Hombre
4634.303907,46,21,0,Hombre
5221.869547,45,13,1,Mujer
3075.057232,40,10,1,Mujer
4261.816885,29,19,0,Hombre
3320.691315,31,13,1,Mujer
4650.516444,34,17,1,Mujer
4605.622752,25,18,0,Hombre
5929.626234,63,18,0,Hombre
5324.117927,47,21,0,Hombre
2626.896777,47,6,0,Hombre
4837.709988,33,19,1,Mujer
2881.990161,58,13,1,Mujer
3084.770922,23,11,0,Hombre
5174.862533,25,21,1,Mujer
4033.197776,60,9,1,Mujer
6197.074861,60,20,1,Mujer
5918.809471,51,22,1,Mujer
4938.779011,61,13,0,Hombre
4782.666897,40,15,1,Mujer
4688.335131,24,19,0,Hombre
3405.641508,48,11,1,Mujer
3450.851013,28,10,1,Mujer
3287.804346,29,10,1,Mujer
5792.684846,47,22,0,Hombre
4137.533037,65,14,1,Mujer
2948.270691,24,12,0,Hombre
3275.295366,32,10,1,Mujer
5849.74194,42,22,0,Hombre
5985.91133,41,20,0,Hombre
6473.203876,64,20,0,Hombre
4916.385403,53,16,0,Hombre
3219.028029,39,11,0,Hombre
5384.440036,42,22,0,Hombre
3609.243049,55,13,1,Mujer
2666.798342,23,8,0,Hombre
5691.023341,61,16,0,Hombre
4472.761467,61,13,0,Hombre
3475.513985,37,9,0,Hombre
5043.826046,33,19,0,Hombre
5481.696802,37,19,1,Mujer
4324.563887,62,16,0,Hombre
4734.631923,44,14,0,Hombre
4723.965041,30,17,1,Mujer
2691.308507,26,7,0,Hombre
4559.807191,25,19,1,Mujer
5433.686156,53,18,1,Mujer
3322.345257,41,14,1,Mujer
4859.088178,29,18,0,Hombre
3233.297918,27,11,1,Mujer
4913.80887,38,18,1,Mujer
2855.195271,36,7,1,Mujer
3906.401583,26,13,0,Hombre
3320.084281,48,8,1,Mujer
6185.38648,59,21,0,Hombre
6392.602165,39,22,1,Mujer
5706.358606,46,17,0,Hombre
5986.694824,46,22,1,Mujer
5285.598333,42,20,0,Hombre
2370.685567,44,7,1,Mujer
5146.038398,42,21,0,Hombre
4979.499597,51,19,1,Mujer
5679.257364,56,19,1,Mujer
4068.890941,33,18,1,Mujer
5072.604169,30,20,0,Hombre
4121.091914,57,12,0,Hombre
5728.164681,54,21,0,Hombre
4539.271178,45,18,0,Hombre
5852.649926,55,19,1,Mujer
3640.762998,58,6,0,Hombre
3573.712719,25,13,1,Mujer
5552.392259,58,18,0,Hombre
3646.958241,42,12,1,Mujer
3579.605385,64,15,1,Mujer
2921.622829,25,6,0,Hombre
5015.186719,44,14,0,Hombre
5875.569374,58,22,1,Mujer
3163.894472,30,10,0,Hombre
3216.577578,55,8,0,Hombre
3798.871079,37,11,1,Mujer
5312.440518,59,19,1,Mujer
5704.703723,52,22,1,Mujer
5390.584395,34,17,1,Mujer
1904.519828,23,6,1,Mujer
2721.639718,36,6,1,Mujer
5629.47302,54,19,1,Mujer
2039.049781,33,9,0,Hombre
4711.918286,30,17,0,Hombre
3090.444012,42,8,0,Hombre
4355.516739,45,17,0,Hombre
3561.574699,37,13,0,Hombre
3037.568208,25,9,0,Hombre
4793.666609,30,20,0,Hombre
6166.89629,63,22,0,Hombre
3277.16617,45,6,0,Hombre
5000.41558,49,18,0,Hombre
1876.446887,42,7,1,Mujer
3084.241072,53,7,0,Hombre
4707.549713,22,22,1,Mujer
3958.232257,63,12,1,Mujer
4371.631689,54,15,1,Mujer
4451.027172,43,14,0,Hombre
4190.968261,49,8,0,Hombre
4566.967682,59,14,0,Hombre
4234.63766,36,20,0,Hombre
5981.755325,61,22,1,Mujer
2417.309507,27,11,0,Hombre
5541.205715,47,15,0,Hombre
3894.239411,26,15,0,Hombre
4549.179248,49,15,1,Mujer
5267.884787,47,20,1,Mujer
3252.580694,29,9,0,Hombre
6088.885879,29,22,0,Hombre
2895.801531,50,11,1,Mujer
4833.462841,61,13,1,Mujer
4275.694183,43,16,1,Mujer
5885.69132,52,21,0,Hombre
4993.999838,40,15,1,Mujer
3594.891809,37,14,0,Hombre
4425.75595,49,18,1,Mujer
4522.689114,40,10,0,Hombre
5699.711446,52,19,0,Hombre
2602.296928,51,7,1,Mujer
3610.238094,58,10,1,Mujer
2732.475972,29,7,1,Mujer
3146.357414,61,6,0,Hombre
4819.331112,45,11,1,Mujer
6172.229023,65,19,0,Hombre
5239.860921,63,18,0,Hombre
2847.489893,54,6,1,Mujer
5580.482999,39,19,0,Hombre
2081.259847,30,6,0,Hombre
6583.166311,63,20,0,Hombre
3560.351256,29,11,0,Hombre
5708.437811,49,19,1,Mujer
4844.248617,25,22,0,Hombre
3107.066138,47,9,1,Mujer
1834.946103,28,7,0,Hombre
4430.090387,32,17,0,Hombre
3346.997463,64,7,1,Mujer
3555.560252,40,8,0,Hombre
4861.932124,36,17,0,Hombre
3676.278175,47,8,0,Hombre
4384.060034,29,19,1,Mujer
2577.660487,60,9,1,Mujer
2834.952429,28,7,0,Hombre
6392.695669,58,21,0,Hombre
4754.030131,30,15,0,Hombre
5009.569247,50,16,1,Mujer
6102.057206,64,19,0,Hombre
4806.516275,38,18,1,Mujer
5252.453341,28,22,1,Mujer
5002.43721,28,20,0,Hombre
3739.522196,36,8,0,Hombre
2945.180987,38,8,1,Mujer
4314.107988,30,8,0,Hombre
3280.727491,56,9,0,Hombre
4616.96308,24,17,0,Hombre
2730.408639,41,6,0,Hombre
5642.236971,65,14,1,Mujer
2968.481918,43,6,1,Mujer
5064.387987,38,20,1,Mujer
3096.397925,31,7,0,Hombre
4736.852022,62,13,1,Mujer
4579.002385,36,16,0,Hombre
5663.468388,27,22,1,Mujer
2288.91961,62,6,1,Mujer
5639.780045,62,19,1,Mujer
2505.533586,25,9,1,Mujer
3182.344967,40,10,0,Hombre
4538.18414,57,16,1,Mujer
3571.120235,41,9,1,Mujer
4824.944564,51,18,0,Hombre
2639.482593,39,8,1,Mujer
6015.361152,36,21,0,Hombre
3736.755753,36,9,0,Hombre
4293.901656,23,15,1,Mujer
5193.259172,48,19,1,Mujer
3440.855407,44,6,0,Hombre
4786.559507,28,18,1,Mujer
4974.907908,39,16,1,Mujer
4864.275863,33,22,0,Hombre
5808.070824,38,19,0,Hombre
4116.18161,34,12,0,Hombre
5048.504124,41,15,0,Hombre
4055.06147,48,14,1,Mujer
4517.996795,60,16,0,Hombre
5983.000687,65,20,0,Hombre
5617.431074,54,16,0,Hombre
5449.950582,61,19,0,Hombre
4640.142057,55,15,1,Mujer
3538.160039,30,13,1,Mujer
4918.950566,52,16,0,Hombre
4568.965603,41,15,1,Mujer
5040.078144,58,16,1,Mujer
1967.332548,59,6,1,Mujer
4293.103929,65,7,1,Mujer
3644.754062,48,11,1,Mujer
3401.720989,45,8,1,Mujer
4069.139082,43,10,1,Mujer
3914.406124,33,16,0,Hombre
5791.852854,50,21,1,Mujer
3753.016718,44,9,0,Hombre
4452.639698,39,14,0,Hombre
4545.34964,56,14,1,Mujer
4521.430319,57,13,1,Mujer
3099.55996,28,17,1,Mujer
5829.709957,40,22,1,Mujer
5841.074697,62,21,1,Mujer
5418.588282,53,21,1,Mujer
4700.705413,55,11,0,Hombre
3555.986311,51,9,0,Hombre
4329.659202,29,19,1,Mujer
5612.834845,58,16,0,Hombre
4987.689715,55,19,0,Hombre
3947.53676,57,9,1,Mujer
3243.040774,39,11,1,Mujer
4744.399509,40,12,0,Hombre
3926.623368,58,7,0,Hombre
3871.084099,48,10,0,Hombre
3357.915484,36,12,1,Mujer
5157.761044,23,21,1,Mujer
3148.073124,26,7,0,Hombre
4941.292826,36,17,0,Hombre
2918.234332,29,8,0,Hombre
4636.293265,32,20,1,Mujer
4852.883851,27,19,1,Mujer
7129.80593,46,22,0,Hombre
4753.037631,30,20,1,Mujer
4368.634517,52,9,1,Mujer
3086.800145,50,8,1,Mujer
2694.687942,29,9,0,Hombre
3796.600699,46,13,1,Mujer
4044.82594,45,18,0,Hombre
1904.390287,32,6,1,Mujer
4484.381899,46,12,1,Mujer
4009.809081,38,12,1,Mujer
3637.294084,26,15,1,Mujer
3855.518595,36,16,1,Mujer
4699.938958,64,18,1,Mujer
4867.539134,35,16,1,Mujer
5550.389812,39,21,0,Hombre
3984.262616,47,10,1,Mujer
4425.741986,41,15,1,Mujer
3358.350801,34,14,0,Hombre
4111.100079,58,8,1,Mujer
3243.71757,57,7,1,Mujer
3370.060075,37,8,0,Hombre
3876.949667,49,13,0,Hombre
3001.310914,41,8,1,Mujer
2443.424588,36,6,1,Mujer
4137.895348,55,15,1,Mujer
4185.011918,28,17,0,Hombre
4224.034101,28,16,0,Hombre
4856.590944,36,19,0,Hombre
4809.624075,57,15,0,Hombre
5443.57097,58,18,0,Hombre
4055.019829,53,12,0,Hombre
2859.598161,58,6,0,Hombre
4720.671489,65,17,1,Mujer
5714.029979,47,21,1,Mujer
2117.429134,42,7,0,Hombre
3091.604207,46,8,0,Hombre
4373.700831,56,12,0,Hombre
4921.62131,62,18,1,Mujer
3541.571209,58,11,1,Mujer
3669.018256,45,8,0,Hombre
4316.893658,60,10,0,Hombre
3537.552555,53,7,1,Mujer
4554.450685,50,11,1,Mujer
1945.351954,31,6,1,Mujer
5388.506766,51,18,1,Mujer
4488.390672,29,15,0,Hombre
4290.880605,45,13,0,Hombre
2327.488916,22,8,0,Hombre
5160.397513,49,21,1,Mujer
4524.956973,31,16,0,Hombre
5715.428028,47,21,1,Mujer
4197.903322,24,13,0,Hombre
4295.640937,29,16,1,Mujer
4798.739614,26,17,0,Hombre
3933.856394,49,16,1,Mujer
2843.194984,37,7,0,Hombre
4642.308292,59,10,1,Mujer
3536.677092,29,14,0,Hombre
4211.118213,63,8,1,Mujer
5712.678205,40,16,0,Hombre
3548.963524,50,12,1,Mujer
4911.776563,47,21,0,Hombre
5097.88477,63,15,1,Mujer
6291.901741,65,20,1,Mujer
2541.939796,25,7,0,Hombre
5751.233137,62,17,1,Mujer
4471.190209,26,21,1,Mujer
4213.33964,41,14,1,Mujer
3609.546198,45,14,0,Hombre
4323.511998,29,16,1,Mujer
3933.944894,39,6,0,Hombre
5656.256993,42,22,0,Hombre
4499.185292,29,15,0,Hombre
3443.70919,47,7,0,Hombre
6092.302276,65,20,0,Hombre
4469.06728,41,12,0,Hombre
6014.107762,65,22,1,Mujer
2524.145944,22,8,1,Mujer
2824.554161,31,12,1,Mujer
3168.350878,22,13,1,Mujer
6391.732959,54,21,0,Hombre
2187.622283,43,6,1,Mujer
4743.066341,22,22,1,Mujer
3433.565327,23,13,1,Mujer
5626.460196,38,16,0,Hombre
6226.02117,45,22,0,Hombre
3900.045293,28,17,0,Hombre
5548.689442,43,19,0,Hombre
5531.471326,48,16,0,Hombre
5349.347295,26,19,1,Mujer
3293.688322,64,6,1,Mujer
4545.063966,55,14,1,Mujer
3188.301284,42,12,1,Mujer
5429.735519,44,22,0,Hombre
5345.854938,42,17,0,Hombre
4026.911041,52,11,0,Hombre
4008.191926,28,14,1,Mujer
3905.146451,42,13,1,Mujer
3220.092374,39,8,0,Hombre
3896.032642,31,14,0,Hombre
3481.48668,39,10,1,Mujer
4597.527028,41,17,0,Hombre
3242.791277,34,11,1,Mujer
2693.091136,47,9,0,Hombre
4085.136884,29,15,0,Hombre
5650.935456,49,19,0,Hombre
2573.675369,30,6,0,Hombre
6326.738304,63,21,0,Hombre
3787.962844,24,12,0,Hombre
4950.764096,34,14,0,Hombre
5481.946512,26,21,1,Mujer
5631.981897,60,19,0,Hombre
4362.768844,39,14,0,Hombre
5365.087102,46,16,0,Hombre
4162.232821,24,11,0,Hombre
4574.539412,24,19,1,Mujer
4769.510071,47,16,0,Hombre
3078.704976,27,8,1,Mujer
4590.738293,28,20,1,Mujer
2659.458936,37,10,0,Hombre
2817.058998,22,11,1,Mujer
6351.077166,42,19,0,Hombre
4522.073366,59,15,0,Hombre
5912.793734,56,22,0,Hombre
3122.175946,61,6,1,Mujer
3675.586476,25,11,0,Hombre
3793.102683,52,9,0,Hombre
4340.02235,35,16,1,Mujer
4670.821703,31,16,0,Hombre
5719.430327,51,17,0,Hombre
3443.377509,61,10,1,Mujer
2980.925576,43,8,0,Hombre
4506.450262,46,15,1,Mujer
5964.575662,26,20,0,Hombre
2476.3093,38,8,1,Mujer
3382.463481,30,7,0,Hombre
3772.546714,25,8,0,Hombre
3889.647567,44,19,1,Mujer
5561.340497,36,21,1,Mujer
4064.229121,28,12,0,Hombre
4325.487363,62,17,0,Hombre
5407.713374,40,19,0,Hombre
5442.575343,51,18,0,Hombre
4142.287928,29,15,0,Hombre
4307.414325,50,15,1,Mujer
4604.682274,58,13,0,Hombre
5446.35893,30,17,1,Mujer
5149.399631,30,17,0,Hombre
3971.166976,54,12,0,Hombre
6655.339261,62,22,0,Hombre
4596.645671,25,18,1,Mujer
3949.943378,23,16,0,Hombre
3895.312493,32,16,1,Mujer
5127.363831,29,22,1,Mujer
5996.295914,63,22,1,Mujer
5818.830422,38,22,0,Hombre
4012.344045,35,13,0,Hombre
4899.710839,58,14,0,Hombre
2546.509925,48,8,1,Mujer
5722.176602,46,22,1,Mujer
4316.361083,62,16,0,Hombre
3443.292913,38,13,0,Hombre
2725.837606,22,14,1,Mujer
3350.704887,31,15,0,Hombre
1919.067076,31,6,1,Mujer
3973.633943,30,13,0,Hombre
3360.391961,63,8,1,Mujer
5323.854822,50,19,0,Hombre
4787.670424,30,20,0,Hombre
5340.365804,40,19,0,Hombre
4613.417537,64,14,0,Hombre
4224.724934,26,16,0,Hombre
2999.913598,43,8,1,Mujer
3865.419542,54,13,0,Hombre
3328.005687,27,14,1,Mujer
5270.122369,62,17,1,Mujer
4019.552258,54,14,1,Mujer
5281.273937,63,18,1,Mujer
5777.33505,46,19,1,Mujer
4805.186957,45,18,0,Hombre
3807.106465,35,16,0,Hombre
3350.901605,50,9,1,Mujer
5341.468312,63,16,0,Hombre
3133.795282,62,6,0,Hombre
4764.741463,62,18,1,Mujer
3470.164321,63,10,0,Hombre
3758.434176,26,15,1,Mujer
5342.90286,45,17,1,Mujer
3428.595271,46,9,1,Mujer
3954.626331,37,21,1,Mujer
3689.582988,63,6,1,Mujer
3232.229757,44,10,0,Hombre
4893.500617,64,14,0,Hombre
3344.019654,39,10,0,Hombre
3949.657401,59,7,1,Mujer
4359.229375,54,10,0,Hombre
2883.166388,24,10,0,Hombre
5398.831376,38,21,0,Hombre
3451.147208,42,13,1,Mujer
4226.619496,37,14,1,Mujer
4959.852319,49,19,1,Mujer
5544.990164,22,21,0,Hombre
3953.170314,58,10,0,Hombre
5792.479129,60,21,1,Mujer
5337.33366,25,22,1,Mujer
5267.212496,41,19,0,Hombre
4725.918627,58,12,0,Hombre
3847.65055,64,9,0,Hombre
5753.1857,52,21,1,Mujer
2855.705159,37,10,1,Mujer
4578.934269,36,18,1,Mujer
4288.21939,65,10,1,Mujer
4392.479075,33,19,1,Mujer
2300.466353,48,6,0,Hombre
2908.685062,26,6,1,Mujer
4160.972852,45,15,1,Mujer
4487.23508,33,21,1,Mujer
5013.86504,57,15,0,Hombre
3431.296288,50,10,0,Hombre
3510.166353,31,12,1,Mujer
3353.060322,34,15,1,Mujer
4022.554602,53,17,1,Mujer
5590.182292,43,22,1,Mujer
5567.560784,22,22,0,Hombre
4852.515591,60,18,1,Mujer
5993.050137,41,21,0,Hombre
3538.296869,25,12,0,Hombre
5043.582417,22,20,1,Mujer
4728.775434,32,19,1,Mujer
5732.722687,50,22,1,Mujer
5725.341805,57,22,1,Mujer
2789.394687,39,9,1,Mujer
4052.554931,36,16,1,Mujer
2666.025606,49,7,0,Hombre
3044.648004,31,9,0,Hombre
4968.826283,64,12,0,Hombre
3348.738313,40,8,1,Mujer
4663.399071,48,11,1,Mujer
4634.897963,62,13,0,Hombre
4350.690743,57,14,0,Hombre
4524.078211,61,14,0,Hombre
5766.008898,46,21,1,Mujer
5775.044681,27,22,0,Hombre
5145.472339,31,18,0,Hombre
5355.993501,62,16,1,Mujer
5815.626908,29,18,0,Hombre
5381.940732,65,18,0,Hombre
5336.629412,36,20,0,Hombre
4602.701339,30,22,1,Mujer
3543.868032,47,8,0,Hombre
4173.209476,45,16,0,Hombre
4975.199537,65,16,0,Hombre
4556.876618,60,15,0,Hombre
4521.478891,31,19,1,Mujer
3009.822096,30,7,0,Hombre
3798.832369,34,14,0,Hombre
3777.383356,55,14,1,Mujer
2085.884618,28,10,1,Mujer
4074.711169,29,17,1,Mujer
5460.288923,52,16,0,Hombre
4411.745649,36,12,0,Hombre
4966.504031,45,19,1,Mujer
6161.63259,32,21,0,Hombre
5928.71809,42,18,0,Hombre
5195.563259,29,17,0,Hombre
5782.795832,51,14,0,Hombre
3201.886257,27,9,1,Mujer
4863.235631,52,17,1,Mujer
2220.709778,44,6,0,Hombre
3153.914964,42,12,0,Hombre
3620.958028,49,10,0,Hombre
5520.444949,35,18,0,Hombre
5808.698433,29,22,0,Hombre
3447.032401,59,6,1,Mujer
2629.474067,43,6,1,Mujer
3318.580511,37,10,0,Hombre
3832.914812,47,10,0,Hombre
4520.932276,57,14,1,Mujer
4953.844914,53,18,1,Mujer
3385.572232,29,15,0,Hombre
5102.900971,30,20,0,Hombre
3106.65109,27,9,1,Mujer
4336.341583,42,15,1,Mujer
3947.301954,34,12,1,Mujer
3178.713675,52,10,0,Hombre
3184.315304,64,6,1,Mujer
2797.210112,33,11,0,Hombre
5009.835379,26,17,1,Mujer
2802.411432,23,8,1,Mujer
5004.26742,50,15,1,Mujer
4565.257331,61,18,1,Mujer
5477.59982,65,15,1,Mujer
4460.353834,48,14,0,Hombre
3476.019652,40,13,0,Hombre
3557.139671,22,10,0,Hombre
2956.433897,43,7,0,Hombre
5625.109407,64,14,0,Hombre
4250.335629,41,12,0,Hombre
2650.170447,25,7,1,Mujer
5858.707549,48,22,0,Hombre
3884.539761,48,13,1,Mujer
3500.95058,55,9,0,Hombre
5577.466504,52,21,1,Mujer
4285.456681,27,15,0,Hombre
3086.598347,55,8,0,Hombre
5713.399664,35,15,0,Hombre
4463.680998,52,15,1,Mujer
5634.838945,33,21,0,Hombre
4032.475464,23,17,0,Hombre
3106.314912,24,9,1,Mujer
4228.4614,39,16,1,Mujer
4333.861479,45,14,1,Mujer
4785.702015,32,15,1,Mujer
6050.044702,58,21,0,Hombre
5356.163067,48,19,0,Hombre
5289.75658,34,22,1,Mujer
3924.133522,55,12,1,Mujer
3934.229637,47,7,0,Hombre
3026.569989,25,12,1,Mujer
3489.112761,26,12,1,Mujer
4733.175035,60,15,1,Mujer
4120.788374,22,18,1,Mujer
6053.06178,62,21,0,Hombre
3710.639421,51,9,0,Hombre
3502.225051,59,12,0,Hombre
3466.752901,54,6,0,Hombre
6043.922114,64,22,1,Mujer
5283.162226,22,21,0,Hombre
4813.416864,47,18,0,Hombre
3151.642687,25,10,0,Hombre
3384.181256,24,9,1,Mujer
4746.648352,59,13,0,Hombre
4365.780569,39,11,0,Hombre
4763.544509,35,14,0,Hombre
5699.3603,44,18,0,Hombre
2329.081954,34,9,0,Hombre
3458.466864,28,13,0,Hombre
1834.474977,34,7,0,Hombre
2722.131184,27,7,1,Mujer
4290.570681,59,15,1,Mujer
3342.57162,25,14,0,Hombre
4443.785772,41,20,1,Mujer
3748.621632,22,14,0,Hombre
3583.783398,64,8,1,Mujer
3449.223644,50,6,0,Hombre
3598.617329,48,10,1,Mujer
4557.095897,53,13,0,Hombre
4043.61763,48,12,1,Mujer
4425.985291,24,14,0,Hombre
2680.981293,29,8,1,Mujer
5101.749928,38,21,1,Mujer
2771.550196,44,7,1,Mujer
4898.345382,56,12,0,Hombre
5008.121457,65,14,0,Hombre
5103.166364,64,14,0,Hombre
4332.453659,52,9,0,Hombre
5760.069049,65,19,0,Hombre
2336.936694,29,7,0,Hombre
4405.123454,33,17,1,Mujer
5926.285642,41,21,1,Mujer
4989.026559,43,19,1,Mujer
4908.222599,47,15,1,Mujer
2678.612704,41,6,1,Mujer
2747.241139,59,6,1,Mujer
5293.217697,37,20,1,Mujer
4053.812075,32,21,1,Mujer
2778.794161,55,10,1,Mujer
3613.953789,57,7,1,Mujer
3046.822836,49,8,0,Hombre
3756.491284,57,8,1,Mujer
2739.858305,22,8,0,Hombre
6096.2476,59,20,0,Hombre
4363.289042,61,11,1,Mujer
6134.037163,43,20,1,Mujer
3042.402892,26,14,0,Hombre
4583.641333,50,10,0,Hombre
2644.665589,47,6,1,Mujer
2976.251025,52,7,0,Hombre
3423.209877,26,12,1,Mujer
3282.856225,24,13,1,Mujer
4145.123785,54,10,0,Hombre
4114.05412,56,13,1,Mujer
4035.525062,50,12,0,Hombre
4213.236528,59,16,0,Hombre
5439.4096,60,18,1,Mujer
3046.58521,22,13,0,Hombre
2966.802903,27,8,0,Hombre
2291.700367,47,7,1,Mujer
3929.647156,45,11,1,Mujer
4680.844198,42,19,0,Hombre
2800.460045,64,6,1,Mujer
4593.723354,33,19,1,Mujer
3458.330943,43,8,0,Hombre
5211.952032,50,15,0,Hombre
4526.649202,33,16,1,Mujer
4812.620771,58,14,0,Hombre
3956.974779,22,16,1,Mujer
3618.182223,23,16,1,Mujer
2640.271109,31,6,1,Mujer
6012.106135,45,20,1,Mujer
3848.900437,22,10,0,Hombre
6197.416701,65,21,0,Hombre
5410.380779,48,21,0,Hombre
3237.267162,57,9,1,Mujer
1528.768393,26,9,1,Mujer
5065.328231,59,15,0,Hombre
6371.572576,64,18,0,Hombre
5373.491882,62,20,1,Mujer
4132.743868,23,17,1,Mujer
4201.31567,65,12,1,Mujer
2578.787324,38,7,0,Hombre
6613.241294,64,19,0,Hombre
2304.973831,30,6,1,Mujer
2670.959543,23,9,1,Mujer
5100.496107,35,20,0,Hombre
3400.978939,41,7,0,Hombre
2839.690543,51,8,0,Hombre
4184.196459,39,9,0,Hombre
6304.12745,51,21,0,Hombre
3753.29721,29,11,1,Mujer
5406.879287,38,17,1,Mujer
4914.383183,60,21,0,Hombre
2819.306218,49,9,1,Mujer
3199.192329,51,9,1,Mujer
4735.102682,61,20,0,Hombre
2486.926465,53,6,1,Mujer
5928.552269,53,19,1,Mujer
4396.661656,33,14,0,Hombre
4273.182298,55,12,1,Mujer
3514.619977,59,10,0,Hombre
4036.238715,46,9,0,Hombre
4924.325095,29,19,0,Hombre
3273.184064,54,7,0,Hombre
4357.014143,56,6,0,Hombre
4261.329841,24,12,1,Mujer
3506.909609,53,7,0,Hombre
5693.228074,43,22,1,Mujer
4610.777078,40,19,1,Mujer
4624.533778,22,16,0,Hombre
2251.776193,32,8,0,Hombre
3190.222949,30,12,1,Mujer
3597.793083,61,8,0,Hombre
3263.320535,56,8,0,Hombre
5458.897147,29,22,1,Mujer
3380.99045,36,10,0,Hombre
4021.446983,35,7,0,Hombre
4115.966926,22,20,0,Hombre
2528.075977,35,9,0,Hombre
2642.395934,27,8,0,Hombre
3721.560883,33,11,1,Mujer
3920.287083,29,13,1,Mujer
4608.876035,47,19,1,Mujer
6158.852662,57,22,1,Mujer
4113.527686,42,16,0,Hombre
4572.115936,38,15,1,Mujer
5161.397111,58,17,0,Hombre
3650.315846,61,6,1,Mujer
5175.490177,56,20,1,Mujer
4329.832122,63,16,1,Mujer
3225.291269,54,8,0,Hombre
3122.678896,26,9,0,Hombre
4411.332173,41,8,0,Hombre
4645.114083,51,17,0,Hombre
5011.779654,29,18,1,Mujer
4450.526403,34,17,0,Hombre
4202.271689,28,21,1,Mujer
3542.689093,26,11,1,Mujer
5363.42581,31,18,1,Mujer
2765.991214,55,6,0,Hombre
5973.224039,53,22,0,Hombre
3869.497433,25,14,1,Mujer
4294.610527,36,13,0,Hombre
4241.91128,23,15,0,Hombre
2536.486382,26,8,1,Mujer
3924.084381,47,10,0,Hombre
3943.893775,38,12,0,Hombre
3245.099392,31,11,0,Hombre
2964.05985,54,8,1,Mujer
3025.446109,42,9,1,Mujer
4209.728483,60,12,0,Hombre
3141.954651,53,6,0,Hombre
2411.640978,22,11,0,Hombre
4757.597096,53,15,0,Hombre
3965.422912,22,13,1,Mujer
4953.733202,50,18,1,Mujer
4705.959082,64,8,0,Hombre
3960.169976,58,8,0,Hombre
4806.283235,27,22,1,Mujer
4547.514649,56,14,1,Mujer
5489.458105,65,19,0,Hombre
3449.010695,59,6,0,Hombre
2639.904907,47,10,1,Mujer
6483.582347,38,22,0,Hombre
4912.261381,52,15,0,Hombre
3953.398649,50,11,0,Hombre
4094.934499,57,10,1,Mujer
3688.676584,47,11,1,Mujer
3823.31588,47,13,0,Hombre
3896.92774,28,10,0,Hombre
3764.982413,53,11,0,Hombre
4674.901583,36,20,1,Mujer
4119.182976,22,18,1,Mujer
4748.694305,58,10,0,Hombre
5770.396287,62,18,1,Mujer
2598.267736,38,11,1,Mujer
6776.061133,65,21,1,Mujer
2480.352501,63,8,1,Mujer
3328.133338,27,6,0,Hombre
2436.392532,23,8,1,Mujer
2814.906,35,9,1,Mujer
4030.59974,60,10,1,Mujer
4453.74159,51,13,0,Hombre
5284.208381,60,17,1,Mujer
3352.565193,52,7,0,Hombre
3701.530977,48,13,1,Mujer
5507.410552,57,19,0,Hombre
3668.716939,33,7,0,Hombre
2515.381585,37,7,0,Hombre
3444.417869,32,13,1,Mujer
5478.716574,58,17,0,Hombre
5016.248039,65,18,0,Hombre
5528.563679,27,20,1,Mujer
3045.283376,29,13,1,Mujer
2549.559202,23,7,1,Mujer
4843.126591,41,17,0,Hombre
5665.575878,29,20,0,Hombre
4797.650434,27,19,0,Hombre
4417.909019,46,11,0,Hombre
5800.187528,49,22,1,Mujer
4690.144293,35,14,0,Hombre
4437.511219,40,16,1,Mujer
5915.6565,41,21,0,Hombre
4565.801028,45,17,1,Mujer
4199.112448,45,18,1,Mujer
4887.695148,59,18,1,Mujer
5914.360671,32,22,0,Hombre
4746.334779,65,16,1,Mujer
5445.393161,62,20,1,Mujer
5164.542284,37,19,0,Hombre
3751.265975,58,12,1,Mujer
5774.333713,49,20,0,Hombre
2395.916671,47,6,1,Mujer
4716.171342,27,16,1,Mujer
2532.669072,38,6,1,Mujer
5460.483977,61,15,0,Hombre
5236.563378,36,19,0,Hombre
4138.652118,62,10,1,Mujer
3026.31562,49,8,0,Hombre
4111.992242,32,12,1,Mujer
5124.707576,33,19,0,Hombre
5211.536421,54,19,1,Mujer
4897.272941,62,17,1,Mujer
4288.250128,43,14,0,Hombre
3740.71007,36,12,1,Mujer
5177.256865,46,17,0,Hombre
5334.544553,55,16,0,Hombre
6559.033922,57,20,1,Mujer
3428.899399,23,15,1,Mujer
4899.062698,38,19,0,Hombre
3862.206379,42,13,0,Hombre
3139.064947,30,6,0,Hombre
3126.725146,45,6,0,Hombre
4943.833775,52,20,1,Mujer
5045.737683,31,20,1,Mujer
5965.65905,54,20,0,Hombre
4444.067057,52,16,0,Hombre
5013.380392,47,14,0,Hombre
6080.361277,61,18,1,Mujer
4159.329748,35,17,0,Hombre
5740.790449,59,19,0,Hombre
4086.776366,39,13,0,Hombre
5004.496838,45,13,1,Mujer
4951.113918,65,14,0,Hombre
5929.750787,50,19,0,Hombre
4404.225638,29,11,0,Hombre
3262.937557,51,8,0,Hombre
3442.653708,22,11,1,Mujer
5328.368704,60,20,0,Hombre
5584.405262,36,21,0,Hombre
4174.364372,61,10,0,Hombre
3448.375747,52,11,1,Mujer
4703.551236,35,14,1,Mujer
3454.138552,62,8,1,Mujer
6398.568253,61,20,0,Hombre
3249.807231,23,12,0,Hombre
5146.519471,22,22,0,Hombre
6599.179067,42,21,0,Hombre
3688.133676,49,8,1,Mujer
4998.051883,45,16,0,Hombre
4146.674476,63,9,1,Mujer
6201.883757,42,20,0,Hombre
5422.841626,38,22,1,Mujer
3603.631294,43,10,1,Mujer
4984.17222,45,16,0,Hombre
3428.067456,24,14,1,Mujer
5019.170079,32,19,0,Hombre
5206.003473,52,19,0,Hombre
2013.755697,26,6,1,Mujer
2179.872348,35,6,1,Mujer
6475.81768,55,21,1,Mujer
4706.982008,26,21,1,Mujer
3631.709586,57,6,0,Hombre
6154.25517,41,21,0,Hombre
2962.808689,35,9,0,Hombre
2602.747773,35,11,0,Hombre
3146.901438,31,8,1,Mujer
2660.269912,26,12,0,Hombre
3375.253192,22,9,0,Hombre
3080.999759,35,12,1,Mujer
5420.069054,55,17,0,Hombre
5070.604512,58,20,1,Mujer
4798.028008,22,17,0,Hombre
3341.730017,50,8,1,Mujer
4305.976394,29,16,0,Hombre
3443.36769,56,12,1,Mujer
5829.419092,29,22,0,Hombre
5253.732205,55,20,0,Hombre
2269.680799,28,6,1,Mujer
3029.179571,47,10,1,Mujer
4686.401986,50,15,1,Mujer
5365.914591,43,22,0,Hombre
3193.210509,54,9,1,Mujer
5849.519901,59,18,0,Hombre
5103.423913,53,17,0,Hombre
4030.411525,44,10,1,Mujer
4574.383406,43,17,1,Mujer
4153.926728,45,15,1,Mujer
5012.549843,45,20,1,Mujer
3723.248382,33,14,0,Hombre
4443.367989,24,11,0,Hombre
3716.94469,43,9,1,Mujer
4854.26818,28,18,1,Mujer
2759.684783,30,6,0,Hombre
4194.016752,59,7,1,Mujer
2736.862223,42,7,1,Mujer
3444.558636,22,13,0,Hombre
4143.80554,53,13,1,Mujer
4043.395404,35,21,1,Mujer
2909.084016,34,10,1,Mujer
2961.569178,35,6,0,Hombre
2528.002021,39,10,1,Mujer
5425.681868,61,21,1,Mujer
4281.791079,52,13,1,Mujer
5451.868267,43,20,1,Mujer
3513.87992,53,12,0,Hombre
5508.428465,54,18,1,Mujer
3356.968135,62,8,1,Mujer
5289.307672,58,16,0,Hombre
3568.775809,29,6,0,Hombre
2658.429554,42,10,1,Mujer
5556.507741,26,22,0,Hombre
4671.88002,60,19,1,Mujer
3761.087523,28,13,0,Hombre
3982.118202,58,9,1,Mujer
3557.517409,50,8,0,Hombre
3524.604956,37,9,1,Mujer
2418.784252,42,8,0,Hombre
4296.789234,63,15,1,Mujer
4118.885678,27,18,0,Hombre
3533.590603,62,9,0,Hombre
3633.515554,46,6,1,Mujer
2167.298631,28,6,0,Hombre
4208.87481,27,18,0,Hombre
3486.393226,53,9,0,Hombre
4441.500947,28,18,1,Mujer
3354.335924,31,14,0,Hombre
3037.396189,30,12,1,Mujer
2593.633922,22,8,1,Mujer
5326.953215,49,18,0,Hombre
5224.19481,45,19,1,Mujer
5444.95256,53,21,1,Mujer
4624.779651,48,10,0,Hombre
3573.807722,27,14,0,Hombre
3844.4071,44,7,0,Hombre
2448.305705,61,6,1,Mujer
5096.630262,48,16,0,Hombre
3365.44031,22,15,1,Mujer
4767.063215,62,19,1,Mujer
2356.26798,29,10,0,Hombre
5502.054632,60,22,1,Mujer
6245.669415,60,22,0,Hombre
3183.948082,48,6,0,Hombre
3692.918549,43,15,0,Hombre
3605.610335,52,10,1,Mujer
4926.776456,48,16,1,Mujer
2711.792359,30,6,1,Mujer
5984.601159,65,22,1,Mujer
2945.972042,58,6,0,Hombre
3472.920332,39,13,1,Mujer
3845.672715,53,11,0,Hombre
6244.749483,65,19,0,Hombre
4488.921072,32,15,0,Hombre
4516.87164,52,12,0,Hombre
3707.777651,31,15,0,Hombre
4336.106534,47,11,1,Mujer
5280.406121,57,16,0,Hombre
3792.84557,40,13,0,Hombre
2687.314907,53,6,1,Mujer
5555.725078,30,20,0,Hombre
3181.414373,62,8,1,Mujer
4664.636676,44,17,0,Hombre
3614.640912,42,6,1,Mujer
4354.637855,55,13,0,Hombre
5287.52792,61,14,0,Hombre
4865.310738,63,15,1,Mujer
4103.815644,39,13,0,Hombre
3509.85935,26,13,0,Hombre
3074.207257,31,17,0,Hombre
2054.80766,33,7,1,Mujer
2079.964786,22,6,1,Mujer
5209.850703,46,20,0,Hombre
4842.387962,54,18,0,Hombre
5842.629363,55,21,1,Mujer
3054.106366,59,7,1,Mujer
5122.738903,46,18,1,Mujer
4626.15335,51,10,0,Hombre
4218.847668,38,13,0,Hombre
4847.948763,36,15,1,Mujer
4213.733561,53,17,1,Mujer
2513.361378,47,7,1,Mujer
3132.563762,39,12,1,Mujer
4097.416234,65,11,0,Hombre
6429.381012,65,14,0,Hombre
2427.355806,40,6,1,Mujer
4945.893484,47,17,1,Mujer
5903.907045,62,17,0,Hombre
5375.125676,37,22,1,Mujer
3455.517517,58,9,1,Mujer
4394.959125,61,14,1,Mujer
4511.197944,51,18,1,Mujer
3070.368196,32,10,1,Mujer
6133.291832,52,22,0,Hombre
2734.120296,56,7,1,Mujer
2679.434149,37,7,0,Hombre
6017.875678,64,22,0,Hombre
3294.589005,27,12,1,Mujer
3192.597564,57,9,1,Mujer
5155.941546,29,19,0,Hombre
3696.633888,57,12,1,Mujer
5860.679492,49,22,0,Hombre
3048.192974,29,6,1,Mujer
4849.304786,49,17,0,Hombre
2909.131875,45,6,0,Hombre
5791.568719,37,22,1,Mujer
1810.271653,40,10,1,Mujer
3696.931988,60,9,0,Hombre
3902.65654,42,14,0,Hombre
3177.486957,25,16,1,Mujer
3770.463066,32,14,1,Mujer
3585.758498,47,16,1,Mujer
3020.099758,29,14,1,Mujer
2103.156884,22,9,0,Hombre
3695.739976,27,15,1,Mujer
3542.869899,42,8,0,Hombre
6111.914396,25,22,0,Hombre
3682.372955,27,12,1,Mujer
3927.285236,30,12,1,Mujer
3967.941838,57,9,0,Hombre
6133.505917,44,21,0,Hombre
2422.015307,27,7,1,Mujer
3632.262158,38,12,1,Mujer
5791.439638,47,16,1,Mujer
4218.219125,42,9,1,Mujer
3682.203929,51,11,0,Hombre
3819.790082,31,12,0,Hombre
4248.662962,64,11,1,Mujer
3715.436921,26,14,0,Hombre
5045.031744,43,19,1,Mujer
3860.738182,65,13,1,Mujer
3661.831859,27,16,0,Hombre
3826.271152,62,6,1,Mujer
3652.21046,29,7,0,Hombre
3430.774974,44,7,0,Hombre
3827.584148,51,13,1,Mujer
6141.058636,62,18,0,Hombre
2839.652494,27,12,1,Mujer
4671.064517,37,21,1,Mujer
5630.772705,44,15,0,Hombre
4044.942153,31,10,1,Mujer
4703.65917,35,12,0,Hombre
2282.123949,25,7,0,Hombre
4731.885139,30,14,0,Hombre
2732.036164,24,8,0,Hombre
5853.167713,54,21,0,Hombre
3678.690419,43,12,0,Hombre
6185.721735,64,19,1,Mujer
2847.506957,22,15,0,Hombre
4533.580437,24,18,0,Hombre
5155.553618,45,17,0,Hombre
6763.292542,61,21,0,Hombre
3888.741776,36,16,1,Mujer
5292.711064,49,18,0,Hombre
1868.286905,29,9,1,Mujer
2474.66939,34,6,1,Mujer
5108.398486,43,18,0,Hombre
3367.549582,58,8,0,Hombre
4382.001589,27,14,0,Hombre
3398.48184,23,11,1,Mujer
3165.636585,36,7,1,Mujer
5188.839567,33,18,0,Hombre
5421.985986,22,18,1,Mujer
4363.517246,26,16,0,Hombre
5824.327195,62,17,1,Mujer
3202.141402,36,10,0,Hombre
2391.077777,40,7,0,Hombre
4163.02989,33,10,0,Hombre
4154.521536,24,15,1,Mujer
4029.050976,37,12,1,Mujer
4661.402469,36,19,0,Hombre
3224.749514,28,11,1,Mujer
3953.832736,52,11,1,Mujer
2672.718177,35,8,1,Mujer
5277.971923,62,18,1,Mujer
5542.244035,46,20,0,Hombre
5179.452594,33,16,0,Hombre
3271.746749,40,12,1,Mujer
4112.83271,23,17,0,Hombre
4185.833657,37,15,0,Hombre
4182.352137,40,16,1,Mujer
5063.8678,40,14,0,Hombre
4190.07879,62,6,0,Hombre
3555.521383,32,11,1,Mujer
5057.183708,63,14,0,Hombre
5793.336667,34,21,1,Mujer
2928.760063,32,9,1,Mujer
4991.730148,46,17,1,Mujer
5420.978398,59,19,1,Mujer
4848.320338,63,13,1,Mujer
4537.22737,51,13,0,Hombre
5948.930909,36,20,1,Mujer
4130.049676,24,17,1,Mujer
4405.544793,61,14,0,Hombre
2752.35027,33,8,1,Mujer
5766.34533,35,22,0,Hombre
2821.935192,31,10,1,Mujer
4166.173877,59,15,1,Mujer
4784.462246,46,14,0,Hombre
6002.656069,60,22,1,Mujer
3442.252012,45,9,0,Hombre
3757.326998,39,8,1,Mujer
4630.777707,31,16,0,Hombre
4699.242007,49,17,1,Mujer
4821.703048,49,20,1,Mujer
2336.255824,29,8,1,Mujer
4852.091399,63,10,0,Hombre
5386.374026,24,15,0,Hombre
4904.003994,41,17,1,Mujer
5113.307608,42,20,0,Hombre
5053.186386,23,21,1,Mujer
3917.648818,31,14,1,Mujer
5719.084441,30,22,0,Hombre
5320.57836,40,21,1,Mujer
2630.712683,34,7,0,Hombre
3834.313695,35,9,1,Mujer
5540.744195,22,22,0,Hombre
5479.390999,33,22,0,Hombre
4526.667117,50,11,0,Hombre
3928.53282,63,9,0,Hombre
5865.184569,36,21,0,Hombre
2846.486978,28,8,1,Mujer
3798.17434,53,9,1,Mujer
3435.422974,51,7,1,Mujer
5072.687998,56,14,0,Hombre
3566.414478,53,8,1,Mujer
3468.420364,22,16,1,Mujer
2782.869231,32,14,0,Hombre
2048.468982,55,6,1,Mujer
4145.523127,28,15,0,Hombre
4133.226222,52,13,1,Mujer
4515.987531,29,18,0,Hombre
3673.239183,58,7,0,Hombre
5500.02642,46,22,0,Hombre
4971.95386,53,15,0,Hombre
6095.787515,47,22,0,Hombre
5635.795603,23,20,0,Hombre
3826.840409,30,12,1,Mujer
5582.669455,47,20,0,Hombre
4045.934958,30,16,1,Mujer
5470.742849,65,15,0,Hombre
5248.43541,36,18,0,Hombre
5623.750929,47,21,1,Mujer
3433.665484,32,9,0,Hombre
4751.987839,51,19,0,Hombre
4158.716509,55,10,1,Mujer
4740.845188,63,14,0,Hombre
3271.765936,57,7,1,Mujer
5141.741146,24,22,0,Hombre
4080.317863,62,6,0,Hombre
4511.611558,60,11,0,Hombre
4238.274938,31,9,0,Hombre
3704.281084,51,11,1,Mujer
4491.702932,42,15,1,Mujer
3026.83229,53,6,1,Mujer
4748.672513,43,16,0,Hombre
6087.393617,42,19,0,Hombre
4036.213351,38,15,1,Mujer
5260.03681,58,17,1,Mujer
5325.947391,57,15,1,Mujer
3739.941036,50,16,0,Hombre
3995.260089,55,8,0,Hombre
5436.128431,58,20,0,Hombre
4236.314495,52,10,0,Hombre
4719.878276,43,19,0,Hombre
5199.434342,39,16,0,Hombre
5207.767505,28,16,0,Hombre
2957.33057,26,10,1,Mujer
4557.352406,62,13,0,Hombre
5003.321739,28,21,1,Mujer
5397.784187,57,18,1,Mujer
3376.268402,49,10,0,Hombre
3459.216493,62,7,0,Hombre
5081.425995,27,22,0,Hombre
5434.335695,53,18,1,Mujer
4115.913525,49,6,1,Mujer
4478.46605,30,16,0,Hombre
5085.622073,25,22,0,Hombre
3601.177214,61,8,0,Hombre
2852.074534,62,7,1,Mujer
4498.667559,63,10,0,Hombre
3941.029368,39,16,1,Mujer
2391.549217,42,6,1,Mujer
3848.265686,39,13,1,Mujer
6169.08556,59,20,1,Mujer
6368.825661,62,22,0,Hombre
3577.520344,31,13,1,Mujer
4314.796217,63,10,0,Hombre
2720.490475,45,8,1,Mujer
5388.091513,56,14,0,Hombre
3243.434542,32,15,0,Hombre
5455.636274,62,18,0,Hombre
3146.553341,41,8,1,Mujer
4390.1077,28,19,0,Hombre
4235.24225,36,18,0,Hombre
5343.284056,37,22,1,Mujer
3760.018878,22,13,0,Hombre
3587.133006,57,12,1,Mujer
5101.960635,64,13,0,Hombre
2653.042901,30,11,1,Mujer
5104.403151,28,21,1,Mujer
4341.419412,40,17,0,Hombre
3948.531949,34,18,1,Mujer
2432.76804,48,6,1,Mujer
3426.061749,29,9,1,Mujer
3295.231399,40,15,0,Hombre
3749.904313,30,12,1,Mujer
3655.838284,58,13,1,Mujer
6828.206526,60,22,0,Hombre
2732.167363,48,8,1,Mujer
5014.984443,48,18,0,Hombre
5414.422738,49,18,1,Mujer
3401.333285,25,9,0,Hombre
3916.22427,27,16,1,Mujer
4603.904029,36,20,1,Mujer
4126.165157,54,16,0,Hombre
5339.20079,54,17,1,Mujer
6030.2324,64,20,0,Hombre
4289.454691,27,19,1,Mujer
5238.693163,39,20,1,Mujer
3306.265702,49,13,1,Mujer
2746.586195,35,7,0,Hombre
4481.480713,35,21,1,Mujer
4156.548842,24,16,1,Mujer
2714.935402,34,8,1,Mujer
5452.635913,38,22,1,Mujer
5090.873239,30,21,0,Hombre
5390.357642,51,17,0,Hombre
3935.806626,29,9,1,Mujer
5504.858399,33,19,1,Mujer
3585.219342,65,11,1,Mujer
4585.977706,52,12,1,Mujer
4159.368836,65,12,0,Hombre
4635.63959,43,15,1,Mujer
4787.759976,41,16,0,Hombre
